"0","glimpse(train) %>% head()"
"1","Rows: 700"
"1",""
"1","
"
"1","Columns: 18"
"1",""
"1","
"
"1","$ id                          [3m[38;5;246m<int>[39m[23m 1, 2, 3, 4, 5, 6, 7, 8, 9, 10, 13, 15, 21, 22, 23, 24, â€¦
$ age                         [3m[38;5;246m<dbl>[39m[23m 64, 50, 65, 51, 37, 50, 49, 51, 64, 56, 67, 67, 46, 64,â€¦
$ gender                      [3m[38;5;246m<chr>[39m[23m ""Female"", ""Male"", ""Male"", ""Male"", ""Female"", ""Male"", ""Feâ€¦
$ country                     [3m[38;5;246m<chr>[39m[23m ""Slovakia"", ""Slovenia"", ""Italy"", ""Latvia"", ""Spain"", ""Roâ€¦
$ diagnosis_date              [3m[38;5;246m<chr>[39m[23m ""2016-04-07"", ""2023-04-22"", ""2023-04-07"", ""2016-02-07"",â€¦
$ cancer_stage                [3m[38;5;246m<chr>[39m[23m ""Stage IV"", ""Stage III"", ""Stage II"", ""Stage I"", ""Stage â€¦
$ beginning_of_treatment_date [3m[38;5;246m<chr>[39m[23m ""2016-04-09"", ""2023-05-05"", ""2023-04-12"", ""2016-03-08"",â€¦
$ family_history              [3m[38;5;246m<chr>[39m[23m ""No"", ""Yes"", ""Yes"", ""No"", ""Yes"", ""No"", ""Yes"", ""Yes"", ""Yâ€¦
$ smoking_status              [3m[38;5;246m<chr>[39m[23m ""Former Smoker"", ""Current Smoker"", ""Former Smoker"", ""Paâ€¦
$ bmi                         [3m[38;5;246m<dbl>[39m[23m 21.2, 36.4, 18.9, 38.8, 37.7, 21.4, 26.4, 33.5, 32.4, 4â€¦
$ cholesterol_level           [3m[38;5;246m<int>[39m[23m 191, 258, 174, 279, 273, 209, 156, 264, 273, 264, 248, â€¦
$ hypertension                [3m[38;5;246m<int>[39m[23m 0, 1, 1, 1, 0, 1, 1, 1, 0, 1, 1, 0, 0, 0, 1, 0, 1, 1, 1â€¦
$ asthma                      [3m[38;5;246m<int>[39m[23m 0, 0, 0, 0, 0, 0, 0, 1, 0, 0, 0, 0, 1, 0, 1, 0, 1, 0, 1â€¦
$ cirrhosis                   [3m[38;5;246m<int>[39m[23m 0, 0, 1, 0, 0, 0, 0, 0, 0, 0, 1, 0, 0, 0, 0, 0, 0, 0, 0â€¦
$ other_cancer                [3m[38;5;246m<int>[39m[23m 0, 0, 0, 0, 0, 1, 1, 0, 0, 1, 0, 0, 0, 0, 1, 0, 0, 0, 0â€¦
$ treatment_type              [3m[38;5;246m<chr>[39m[23m ""Surgery"", ""Chemotherapy"", ""Chemotherapy"", ""Combined"", â€¦
$ end_treatment_date          [3m[38;5;246m<chr>[39m[23m ""2017-02-10"", ""2024-08-23"", ""2025-03-24"", ""2017-03-01"",â€¦
$ survived                    [3m[38;5;246m<int>[39m[23m 0, 0, 1, 0, 0, 0, 0, 0, 0, 1, 0, 1, 1, 1, 1, 1, 0, 0, 0â€¦"
"1",""
"1","
"
